service_name,revenue_total,cost_total,gross_profit_total,gross_margin_mean,row_count,revenue_rank
清掃,56101329,24734460,31366869,0.5492570944819832,180,1
受付代行,50225193,20150136,30075057,0.5879260445444903,180,3
警備巡回,50769789,21510282,29259507,0.5210036746935812,180,2
IT保守,50091525,22531737,27559788,0.5272239959584474,180,4
警備,44499057,20592228,23906829,0.5137370599400154,180,8
施設管理,47534271,26687970,20846301,0.4173776338547021,180,7
コールセンター,48140745,27956682,20184063,0.3897901051087932,180,5
設備管理,47752173,31941396,15810777,0.35277642418615446,180,6
