store_id,store_name,planned_revenue,actual_revenue,revenue_achievement_rate,planned_gross_profit,actual_gross_profit,gross_profit_margin,planned_operating_profit,actual_operating_profit,profit_achievement_rate,red_weeks,miss_weeks
S001,渋谷店,294000000,305554299,1.0393003367346938,147750471,156850965,0.5133325419191697,72278133,78402057,1.084727202347631,3,18
S002,新宿店,336000000,337310643,1.0039007232142858,169671663,172803096,0.5122966013260364,79003854,82567836,1.0451114954467917,0,33
S003,池袋店,252000000,254857887,1.0113408214285715,127608447,124356753,0.4879454760605466,62938443,57077370,0.9068761043230764,6,30
S004,横浜店,235200000,234780597,0.9982168239795919,117508143,113645238,0.4840486797126596,55151640,49880541,0.9044253443777919,6,33
S005,大宮店,184800000,182644095,0.9883338474025974,92343156,86343078,0.47273949918829844,43513974,37643637,0.8650930618288277,6,39
