store_name,total_revenue,total_food_cost,total_labor_cost,total_other_cost,total_cost,total_gross_profit,avg_food_cost_rate,avg_labor_cost_rate,avg_profit_margin,record_count,pl_status,total_profit_margin_pct,avg_food_cost_rate_pct,avg_labor_cost_rate_pct
品川店,29328766,9497638,8850480,3265500,21613618,7715148,0.32613643642898954,0.3011722718809696,0.21848648498271586,104,黒字,26.31,32.61,30.12
渋谷店,29200646,9560327,8748641,3151488,21460456,7740190,0.3276579668226193,0.2986781059748172,0.22941822876505355,98,黒字,26.51,32.77,29.87
銀座店,26676654,8831100,8015025,2848424,19694549,6982105,0.3298324429237775,0.30064008029738015,0.22658865976931059,93,黒字,26.17,32.98,30.06
新宿店,25450498,8407471,7626554,2958087,18992112,6458386,0.33320545339520163,0.2998866691924942,0.20561512728458528,98,黒字,25.38,33.32,29.99
池袋店,23771766,7715629,7035482,2739612,17490723,6281043,0.3242404723942458,0.29764448439115954,0.2163530362795453,87,黒字,26.42,32.42,29.76
