dept,total_claim_amount,total_net_amount,avg_reduction_rate,total_patients,row_count,collection_rate
内科,2280890,2177299,0.04544159728577622,2711,86,0.7674418604651163
外科,2910790,2759653,0.051654839700819986,3081,100,0.81
小児科,3149420,2979490,0.05300479792107387,3309,105,0.7142857142857143
整形外科,2801000,2646228,0.054115943340292634,2853,99,0.7070707070707071
皮膚科,2288140,2189392,0.04491596814701993,2733,90,0.7222222222222222
