line_name,planned_qty_sum,actual_qty_sum,defect_qty_sum,variance_qty_sum,achievement_rate_mean,defect_rate_mean,work_hours_sum,record_count,overall_achievement_rate,overall_defect_rate
LINE-C,44729,42174,908,-2555,0.9491326228915733,0.021438393894256322,766.7,84,0.9428782221824767,0.02152985251576801
LINE-B,42136,39212,921,-2924,0.9346574721477775,0.02339220871238172,768.0,84,0.9306056578697551,0.023487707844537388
LINE-E,42319,39325,908,-2994,0.9331053908274685,0.0230969989819656,738.6,84,0.9292516363808219,0.02308963763509218
LINE-D,41174,37745,911,-3429,0.9145221052701396,0.02316593362883564,757.4,84,0.916719288871618,0.024135647105576898
LINE-A,43809,39826,995,-3983,0.9065026891725552,0.024992387680922802,753.6,84,0.9090826085964071,0.024983679003665948
